1,The Crafty Corner,105
2,Savvy Styles,110
3,Treasure Trove Emporium,106
4,Gourmet Delights,804
5,Vintage Finds,207
6,Tech Haven,106
7,Eco-Friendly Emporium,110
8,Chic Boutique,801
9,Golden Gadgetry,106
10,Mystic Marketplace,102
11,Harmony Haven,501
12,Artisanal Attic,106
13,Gadget Gallery,802
14,Serenity Shoppe,302
15,Luxury Loft,701
16,Wholesome Wonders,1002
17,Dreamy Designs,202
18,Enchanted Emporium,401
19,Paws and Claws Corner,601
20,Curio Cabinet,402
21,Floral Finesse,403
22,Adorned Alcove,1004
23,Gourmet Galleria,103
24,Curious Corner,701
25,Urban Umbrella,301
26,Funky Fusion,1002
27,Bountiful Bazaar,402
28,Cozy Corner,402
29,Radiant Raiment,102
30,Nautical Nook,203
31,Sole Sanctuary,106
32,Ethereal Elegance,203
33,Dapper Den,803
34,Fireside Finds,101
35,Trendy Trinkets,107
36,Sweet Serenade,102
37,Eclectic Emporium,205
38,Radiant Rugs,209
39,Velvet Vault,1004
40,Nifty Nook,1003
41,Petal Pushers,902
42,Galactic Goods,209
43,Zen Zone,501
44,Rustic Retreat,109
45,Luxe Lounge,1001
46,Sunny Soiree,107
47,Hearty Hearth,704
48,Urban Oasis,104
49,Whimsical Wonders,803
50,Azure Abode,102
51,Blossom Boutique,604
52,Vibrant Visions,801
53,Coastal Corner,502
54,Chic Charm,1003
55,Tranquil Treasures,203
56,Elite Essentials,207
57,Bamboo Bazaar,704
58,Crystal Cove,1004
59,Radiant Rose,802
60,Gleaming Gallery,209
61,Curious Curio,701
62,Opulent Orchard,108
63,Hidden Haven,502
64,Swanky Soiree,110
65,Ethereal Essence,504
66,Festive Finds,209
67,Infinite Ideas,301
68,Coastal Creations,602
69,Whimsy Workshop,110
70,Luminous Lounge,901
71,Crimson Creations,204
72,Feline Fancies,210
73,Artful Abode,304
74,Rustic Rendezvous,202
75,Plush Palace,210
76,Glowing Gallery,504
77,Starry Showcase,206
78,Vintage Vault,1001
79,Zen Zephyr,602
80,Wholesome Haven,1003
81,Radiant Retreat,601
82,Golden Garden,109
83,Majestic Manor,503
84,Urban Utopia,401
85,Frosted Flair,106
86,Twilight Terrace,302
87,Sapphire Sanctuary,904
88,Blissful Boutique,303
89,Emerald Emporium,108
90,Sleek Sanctuary,404
91,Rustic Rhythm,502
92,Artisan Alley,107
93,Fancy Fiesta,203
94,Opulent Oasis,704
95,Breezy Bazaar,107
96,Sunny Side Store,904
97,Mystical Mirage,201
98,Dreamy Depot,702
99,Vintage Vistas,208
100,Pristine Pantry,107
101,Tranquil Trinkets,107
102,Eco Echo,205
103,Chic Chicane,207
104,Grand Gadgetry,404
105,Bamboo Boutique,802
106,Crimson Cove,804
107,Crystal Cavern,105
108,Gleaming Grove,104
109,Dapper Depot,104
110,Blissful Bazaar,502
111,Sunny Side Shop,702
112,Majestic Mosaic,401
113,Wholesome Warehouse,110
114,Adorned Arcade,1001
115,Emerald Enclave,305
116,Ethereal Enclave,602
117,Gilded Gazebo,803
118,Hidden Halls,502
119,Serene Stash,206
120,Sleek Showcase,102
121,Tranquil Trove,503
122,Whimsical Wardrobe,305
123,Zesty Zenith,201
124,Sapphire Summit,304
125,Azure Arcade,404
126,Twilight Treasure,305
127,Opulent Outpost,602
128,Fancy Forum,204
129,Pristine Pavilion,302
130,Velvet Vista,604
131,Vibrant Vestige,1004
132,Radiant Realm,103
133,Golden Grove,604
134,Mystical Mingle,109
135,Urban Underground,110
136,Savvy Sanctuary,304
137,Pristine Palette,601
138,Vintage Vantage,103
139,Eco Enclave,107
140,Whimsy Wharf,904
141,Sleek Salon,804
142,Sunny Sanctuary,504
143,Breezy Boutique,107
144,Cozy Cove,302
145,Enchanted Ensemble,210
146,Majestic Market,304
147,Wholesome Wharf,1002
148,Artisan Arcade,1003
149,Jade Jewelers,1002
150,Kaleidoscope Corner,504
151,Lush Lagoon,402
152,Quaint Quarters,207
153,Xanadu Expanse,503
154,Yellow Yonder,901
155,Artisan's Attic,601
156,Elegant Emporium,804
157,Golden Gallery,103
158,Ivory Isles,106
159,Jubilant Jamboree,402
160,Kaleidoscope Keep,1001
161,Nautical Niche,1001
162,Quirky Quarters,602
163,Sapphire Sanctum,209
164,Vintage Vista,110
165,Whimsy Warehouse,804
166,Xanadu Exchange,207
167,Yellow Yarn,106
168,Zesty Zephyr,902
169,Artisan's Alley,801
170,Curious Cove,1001
171,Dazzling Depot,702
